FirstName,LastName,BarName,
Haven,Hooper,33 Taps,
Nehemiah,Frank,33 Taps,
Adriel,Chaney,33 Taps,
Enzo,Payne,33 Taps,
Vincent,Whitaker,33 Taps,
Nehemiah,Frank,33 Taps,
Jazlyn,Reilly,33 Taps,
Hector,Lucas,33 Taps,
Lilah,Yang,33 Taps,
Israel,Ortega,33 Taps,
Nehemiah,Frank,33 Taps,
Eduardo,Ibarra,33 Taps,
Cody,Mills,A.P. Stump's,
Callie,Mclean,A.P. Stump's,
Romeo,Cohen,A.P. Stump's,
Hayden,Case,A.P. Stump's,
River,Moon,A.P. Stump's,
Cooper,Mcbride,A.P. Stump's,
Colin,Moore,A.P. Stump's,
Rowan,Giles,A.P. Stump's,
Haley,Irwin,A.P. Stump's,
Haley,Irwin,A.P. Stump's,
Henry,Whitney,A.P. Stump's,
Porter,Espinoza,A.P. Stump's,
Henry,Whitney,A.P. Stump's,
Henry,Whitney,A.P. Stump's,
Carly,Duran,A.P. Stump's,
Ryleigh,Morales,A.P. Stump's,
Kyler,Yang,A.P. Stump's,
Margaret,Suarez,A.P. Stump's,
Eloise,Hall,Academia,
Remy,Boyle,Academia,
Caleb,Michael,Academia,
David,Patterson,Academia,
Remy,Boyle,Academia,
Ariana,Berger,Academia,
Jocelyn,Chan,Altitude Sky Lounge,
Kendall,Bentley,Altitude Sky Lounge,
Zayn,Cook,Altitude Sky Lounge,
Aden,Washington,Altitude Sky Lounge,
Aidan,Shea,Altitude Sky Lounge,
Magnolia,Kline,Altitude Sky Lounge,
Zayn,Cook,Altitude Sky Lounge,
Adaline,Dean,Altitude Sky Lounge,
Renata,Stephens,Anvil Bar & Refuge,
Luca,Jackson,Anvil Bar & Refuge,
Luca,Jackson,Anvil Bar & Refuge,
Jocelyn,Chan,Anvil Bar & Refuge,
Santiago,Fitzgerald,Anvil Bar & Refuge,
Moses,Johnson,Anvil Bar & Refuge,
Lilith,Harding,Anvil Bar & Refuge,
Aden,Washington,Anvil Bar & Refuge,
Jonathan,Bradford,Attaboy,
Nia,Brennan,Attaboy,
Nia,Brennan,Attaboy,
Nia,Brennan,Attaboy,
Paislee,Gill,Attaboy,
Journey,Hayes,Attaboy,
Juliet,Rowland,Attaboy,
Lyla,Hoffman,Attaboy,
Alaina,Palmer,Attaboy,
Nia,Kidd,Attaboy,
Jonathan,Bradford,Attaboy,
Stephanie,Costa,B.D. Riley's,
Stephen,Hoffman,B.D. Riley's,
Sage,Beltran,B.D. Riley's,
Lucille,Buchanan,B.D. Riley's,
Oakley,Hoover,B.D. Riley's,
Ariah,Lee,B.D. Riley's,
Oakley,Robles,B.D. Riley's,
Ariah,Lee,B.D. Riley's,
Kamila,Cameron,B.D. Riley's,
Alejandro,Boyer,B.D. Riley's,
Oakley,Robles,B.D. Riley's,
Alejandro,Boyer,B.D. Riley's,
Elliott,Robles,B.D. Riley's,
Catherine,Torres,B.D. Riley's,
Kinley,Daugherty,B.D. Riley's,
Stephen,Hoffman,B.D. Riley's,
Isaiah,Key,B.D. Riley's,
Alexandra,Foley,BackBar,
Damon,Jefferson,BackBar,
Jayceon,Shannon,BackBar,
Kayla,Landry,BackBar,
Kayla,Landry,BackBar,
Kade,Castillo,BackBar,
Aria,Bowman,BackBar,
Tucker,Little,Bar Agricole,
Paris,Watson,Bar Agricole,
Vera,York,Bar Agricole,
Aaron,Brandt,Bar Agricole,
Esteban,Mccormick,Bar Agricole,
Messiah,Merritt,Bar Agricole,
Messiah,Merritt,Bar Agricole,
Avianna,Nielsen,Bar Crudo ,
Riley,Pineda,Bar Crudo ,
Kylee,Bradshaw,Bar Crudo ,
Sean,Sloan,Bar Crudo ,
Kylee,Bradshaw,Bar Crudo ,
Elise,Soto,Bar Crudo ,
Alexandra,Foley,Bar Crudo ,
Luka,Harmon,Bar Crudo ,
Bryce,Evans,Bar Crudo ,
Ruby,Acosta,Bar Goto,
Madilyn,Andrews,Bar Goto,
Related Post,Harrison,Bar Goto,
Michael,Mcintyre,Bar Goto,
Rylan,Bridges,Bar Goto,
Jude,Ward,Bar Goto,
Danielle,Avila,Bar Goto,
Julian,Bonilla,Bar Goto,
Aniyah,Estrada,Bar Goto,
Jude,Ward,Bar Goto,
Gabriel,Murillo,Barnacle Bar,
Collin,Warren,Barnacle Bar,
Brooklynn,Pratt,Barnacle Bar,
Augustus,Cuevas,Barnacle Bar,
Conor,Dyer,Beach Tree Bar,
Erick,Larson,Beach Tree Bar,
Gwendolyn,Herman,Beach Tree Bar,
Hunter,Harvey,Beach Tree Bar,
Camila,Morris,Beach Tree Bar,
Evelyn,Prince,Beach Tree Bar,
Edgar,Campos,Beach Tree Bar,
Edith,Frye,Beach Tree Bar,
Edgar,Campos,Beach Tree Bar,
Lena,Walters,Beach Tree Bar,
Erick,Larson,Beach Tree Bar,
Remy,Dougherty,Beach Tree Bar,
David,Huang,Beach Tree Bar,
Charlie,Mcfarland,Beach Tree Bar,
Camryn,Ponce,Big Bar,
Emilio,Tanner,Big Bar,
Hayden,Casey,Big Bar,
Nicole,Whitney,Big Bar,
Christopher,Mcintyre,Big Bar,
Theo,Zavala,Big Bar,
Troy,Haley,Big Bar,
Josue,Cherry,Big Bar,
Addilyn,Bolton,Big Bar,
Jaylen,Pollard,Big Bar,
Kaydence,Chung,Billy Sunday,
Avianna,Bautista,Billy Sunday,
Nathaniel,James,Billy Sunday,
Bowen,Rodriguez,Billy Sunday,
Avianna,Bautista,Billy Sunday,
Kason,Burke,Billy Sunday,
Preston,Huerta,Bit House Saloon,
Oliver,Duran,Bit House Saloon,
Helen,Chaney,Bit House Saloon,
Eva,Levine,Bit House Saloon,
Preston,Huerta,Bit House Saloon,
Ophelia,Harris,Bit House Saloon,
Kyler,Yang,Bit House Saloon,
Hayden,Case,Bit House Saloon,
Henry,Whitney,Bit House Saloon,
Colin,Moore,Bit House Saloon,
Ryleigh,Morales,Bit House Saloon,
Willow,Neal,Bit House Saloon,
Oliver,Duran,Bit House Saloon,
Oliver,Duran,Bit House Saloon,
Ryleigh,Morales,Bit House Saloon,
Lorelei,Stark,BlackTail,
Alana,Norris,BlackTail,
Delaney,Orr,BlackTail,
Kamden,Bentley,BlackTail,
Gunner,Hanna,BlackTail,
Bowen,Brown,BlackTail,
Johnathan,Tucker,BlackTail,
Alexandria,Robinson,BlackTail,
Alana,Norris,BlackTail,
Dakota,Mccormick,BlackTail,
Alana,Norris,BlackTail,
Erin,Arias,BlackTail,
Maximiliano,Mcintosh,BlackTail,
Alana,Norris,BlackTail,
Harmony,Shea,BlackTail,
Fernando,Kaufman,BlackTail,
Alana,Norris,BlackTail,
Isla,Villegas,BlackTail,
Hazel,Castro,BlackTail,
Adalynn,Hampton,BlackTail,
Donovan,Lee,Blackberry Farm,
Warren,Quinn,Blackberry Farm,
Bodhi,Sullivan,Blackberry Farm,
Austin,Reynolds,Blackberry Farm,
Muhammad,Rowe,Blackberry Farm,
Jacqueline,Lambert,Blackberry Farm,
Stephanie,Bolton,Blackberry Farm,
Angel,Le,Blackberry Farm,
Noah,Chambers,Blackberry Farm,
Daniella,Pitts,Blackberry Farm,
Stephanie,Bolton,Blue Angel,
Warren,Quinn,Blue Angel,
Jacqueline,Lambert,Blue Angel,
Lillian,Mercado,Blue Angel,
Donovan,Lee,Blue Angel,
Gemma,Chung,Blue Angel,
Amanda,Norris,Blue Angel,
Ariyah,Anthony,Blue Angel,
Stephanie,Bolton,Blue Angel,
Valentina,Tian,Blue Tattoo,
Oakley,Miller,Blue Tattoo,
Karson,Brady,Blue Tattoo,
Aniyah,Rasmussen,Blue Tattoo,
Valentina,Tian,Blue Tattoo,
Zoey,Zuniga,Blue Tattoo,
Eric,Coleman,Blue Tattoo,
Brielle,Hoover,Blue Tattoo,
Joshua,Nichols,Blue Tattoo,
Olivia,Peters,Britannia Arms,
Kian,Velasquez,Britannia Arms,
Emilia,Ray,Britannia Arms,
Wyatt,Cameron,Britannia Arms,
Ezequiel,Lyons,Britannia Arms,
Madelyn,Johnston,Britannia Arms,
Kian,Velasquez,Britannia Arms,
Blake,Villanueva,Britannia Arms,
Wyatt,Cameron,Britannia Arms,
Reid,Lester,Britannia Arms,
Heidi,Parks,Britannia Arms,
Kash,Guzman,Britannia Arms,
Kash,Guzman,Britannia Arms,
Jayla,Townsend,Britannia Arms,
Trevor,Hansen,Britannia Arms,
Maryam,Mccoy,Britannia Arms,
Scarlett,Castro,Britannia Arms,
Ibrahim,Warren,Britannia Arms,
Alex,Bond,Britannia Arms,
Nolan,Lin,Britannia Arms,
Hazel,Jones,Britannia Arms,
Emersyn,Reeves,Britannia Arms,
Jace,Wade,Britannia Arms,
Madelyn,Johnston,Britannia Arms,
Messiah,Merritt,Broken Shaker,
Madilyn,Daniel,Cabana,
Jolene,Black,Cabana,
Nathan,Bass,Cabana,
Luis,Mahoney,Cabana,
Gerardo,Ochoa,Cabana,
Jacqueline,Lambert,Cabana,
Gerardo,Ochoa,Cabana,
Karson,Dalton,Cabana,
Sarah,Conner,Cabana,
Ace,Walls,Cabana,
Legend,Franco,Cabana,
Noah,Chambers,Cabana,
Daniella,Pitts,Cabana,
Arielle,Barrera,Cannon,
Harper,Suarez,Cannon,
Sophia,Jennings,Cannon,
Jose,Pacheco,Cannon,
Jose,Pacheco,Cannon,
Liliana,Murphy,Caravan,
Andres,Michael,Caravan,
Kian,Mcpherson,Caravan,
Edgar,Carroll,Caravan,
Lucas,Solomon,Caravan,
Riley,Pineda,Caravan,
Raven,Monroe,Caravan,
Athena,Vang,Charlie Was A Sinner,
Journee,Holmes,Charlie Was A Sinner,
Eva,Lambert,Charlie Was A Sinner,
Eloise,Chambers,Charlie Was A Sinner,
Eva,Lambert,Charlie Was A Sinner,
Evelyn,Lucas,Charlie Was A Sinner,
Miguel,Hickman,Charlie Was A Sinner,
Eloise,Chambers,Charlie Was A Sinner,
Melody,Zimmerman,Charlie Was A Sinner,
Jett,Alvarez,Charlie Was A Sinner,
Ashlyn,Mays,Charlie Was A Sinner,
Kendrick,Gaines,Clover Club,
Rose,Fischer,Clover Club,
Tatum,Summers,Clover Club,
Abram,Holt,Clover Club,
Molly,Orozco,Clover Club,
Kylee,Mack,Clover Club,
Benson,Frye,Clover Club,
Rose,Fischer,Clover Club,
Molly,Orozco,Clover Club,
Marcus,Olsen,Clover Club,
Cataleya,Knox,Clover Club,
Kendrick,Gaines,Clover Club,
Hudson,Benitez,Clover Club,
Marcus,Olsen,Clover Club,
Marcus,Olsen,Clover Club,
Mariana,Michael,Clover Club,
Rose,Fischer,Clover Club,
Abram,Holt,Clover Club,
Marcus,Olsen,Clover Club,
Scott,Roman,Club 175,
Ricardo,Bonilla,Club 175,
Abby,Holt,Club 175,
Hayden,Atkins,Club 175,
Dylan,Bowen,Club No Minors,
Isla,Waller,Club No Minors,
Dylan,Bowen,Club No Minors,
Gideon,Barron,Club No Minors,
Isla,Waller,Club No Minors,
Clara,Castillo,Club No Minors,
Otto,May,Club No Minors,
Oliver,Kemp,Club No Minors,
Jolene,Sanders,Clyde Common,
Peyton,Aguirre,Coconut Willie's Cocktail Lounge,
Athena,Vang,Coconut Willie's Cocktail Lounge,
Jett,Alvarez,Coconut Willie's Cocktail Lounge,
Malik,Sharp,Coconut Willie's Cocktail Lounge,
Macie,Hardin,Coconut Willie's Cocktail Lounge,
Ashlyn,Mays,Coconut Willie's Cocktail Lounge,
Oakley,Miller,Coconut Willie's Cocktail Lounge,
Chandler,Kennedy,Coconut Willie's Cocktail Lounge,
Raymond,Dawson,Coconut Willie's Cocktail Lounge,
Noel,Gilmore,Coconut Willie's Cocktail Lounge,
Athena,Vang,Coconut Willie's Cocktail Lounge,
Evelyn,Lucas,Coconut Willie's Cocktail Lounge,
Joshua,Nichols,Dante,
Joshua,Nichols,Dante,
Peyton,Aguirre,Dante,
Skyler,Cardenas,Dante,
Eric,Coleman,Dante,
Joshua,Nichols,Dante,
Emilia,Brown,Dante,
Noel,Gilmore,Dante,
June,Wells,Dante,
Mila,Good,Daquiri Time Out,
Samara,Berry,Daquiri Time Out,
Cohen,Vega,Daquiri Time Out,
Kylee,Ortega,Daquiri Time Out,
Brynn,Mack,Death + Company,
Charleigh,Bryan,Death + Company,
Noel,Branch,Death + Company,
Sienna,Beck,Death + Company,
Scott,Joyce,Death + Company,
Moses,Brady,Death + Company,
Chelsea,Golden,Death + Company,
Malik,Bonilla,Death + Company,
Leland,Mcbride,Death + Company,
Robert,Walters,Death + Company,
Gracelynn,Villarreal,Diamond Reef,
Natalie,Blevins,Diamond Reef,
Kelsey,Vance,Diamond Reef,
Manuel,Kline,Diamond Reef,
Julia,Lewis,Diamond Reef,
Gracelynn,Villarreal,Diamond Reef,
Kaylee,Sullivan,Distil,
Jeremiah,Christian,Distil,
Gracelyn,Suarez,Distil,
Knox,Norris,Distil,
Charlee,Tapia,Distil,
Sara,Duran,Distil,
Conor,Dyer,Distil,
Kyrie,Parrish,Distil,
Colton,Frey,Distil,
Sara,Duran,Distil,
Kaylee,Sullivan,Distil,
Charlie,Mcfarland,Distil,
David,Huang,Distil,
Kaylee,Sullivan,Distil,
Clayton,Levine,Donna,
Jonathan,Bradford,Donna,
Juliet,Rowland,Donna,
Jonathan,Bradford,Donna,
Paislee,Gill,Donna,
Alaina,Palmer,Donna,
Tyler,Wiggins,Dram & Grain,
Finn,Ayala,Dram & Grain,
Jude,Cardenas,Dram & Grain,
Jake,Ortega,Dram & Grain,
Israel,Watson,Dram & Grain,
Cody,Chaney,Dram & Grain,
Isaac,Kent,Dram & Grain,
Abram,Gomez,Dram & Grain,
Kaia,Weber,Dram & Grain,
Daleyza,Allison,Dram & Grain,
Maggie,Frank,Dram & Grain,
Maggie,Frank,Dram & Grain,
Israel,Watson,Dram & Grain,
Lola,Scott,Dram & Grain,
Erick,Fletcher,Dram & Grain,
Jake,Ortega,Dram & Grain,
Blake,Best,Dram & Grain,
Gael,Cross,Dram & Grain,
Selah,Conley,Dutch Kills,
Delilah,Flowers,Dutch Kills,
Annalise,Waters,Dutch Kills,
Gracelynn,Villarreal,Dutch Kills,
Clara,Castillo,Dutch Kills,
Londyn,Roy,Employees Only,
Stephen,Hoffman,Employees Only,
Elaina,Tucker,Employees Only,
Roberto,Schwartz,Employees Only,
Kamila,Cameron,Employees Only,
Carter,Valenzuela,Employees Only,
Philip,Vaughan,Employees Only,
Arielle,Reese,Employees Only,
Lucille,Buchanan,Employees Only,
Grant,Conner,Employees Only,
Arlo,Stanley,Employees Only,
Ariah,Lee,Employees Only,
Grant,Conner,Employees Only,
Mila,Graham,Eulipia,
Kendall,Bentley,Eulipia,
Aden,Washington,Eulipia,
Enrique,Rivers,Eulipia,
Adaline,Dean,Eulipia,
Miguel,Hickman,Everson Royce Bar,
Sawyer,Reilly,Everson Royce Bar,
Peyton,Aguirre,Everson Royce Bar,
June,Wells,Everson Royce Bar,
Joshua,Hebert,Everson Royce Bar,
June,Wells,Everson Royce Bar,
Joshua,Hebert,Everson Royce Bar,
Eve,Odom,Everson Royce Bar,
Aniyah,Rasmussen,Everson Royce Bar,
Gabriela,Calhoun,Everson Royce Bar,
Felicity,Bradshaw,French 75,
Danielle,Avila,French 75,
Willow,Mitchell,French 75,
Adonis,Castillo,French 75,
Beau,Murphy,French 75,
Jude,Ward,French 75,
Luka,Larson,Galaxie,
Magnolia,Burke,Galaxie,
Luka,Larson,Galaxie,
Cadence,Hebert,Galaxie,
Emmalyn,Werner,Galaxie,
Related Post,Harrison,Gecko Grill,
Madilyn,Andrews,Gecko Grill,
Melany,Orr,Gecko Grill,
Danielle,Avila,Gecko Grill,
Samara,Harding,Gecko Grill,
Samara,Harding,Gecko Grill,
Melany,Archer,George & Dragon,
Theodore,Booker,George & Dragon,
Briella,Goodman,George & Dragon,
Avery,Butler,George & Dragon,
Clayton,Bonilla,George & Dragon,
Evie,Gilbert,George & Dragon,
Clayton,Bonilla,George & Dragon,
Briella,Goodman,George & Dragon,
Georgia,Cisneros,George & Dragon,
Khalil,Stout,George & Dragon,
Phoenix,Harrington,George & Dragon,
Jasper,Vaughn,Giza Hookah Lounge,
Carter,Pena,Giza Hookah Lounge,
Vera,York,Giza Hookah Lounge,
Gael,Glass,Giza Hookah Lounge,
Abby,Holt,Giza Hookah Lounge,
Delilah,Duke,Giza Hookah Lounge,
Olivia,Park,Goodnight Gracie Jazz & Martini Bar,
Kingston,Harper,Goodnight Gracie Jazz & Martini Bar,
Ember,Cuevas,Goodnight Gracie Jazz & Martini Bar,
Forrest,Smith,Goodnight Gracie Jazz & Martini Bar,
Alicia,Warner,Goodnight Gracie Jazz & Martini Bar,
Philip,Vaughan,Goodnight Gracie Jazz & Martini Bar,
Oakley,Robles,Goodnight Gracie Jazz & Martini Bar,
Daniel,Adelman,Goodnight Gracie Jazz & Martini Bar,
Alejandro,Boyer,Goodnight Gracie Jazz & Martini Bar,
Elaina,Tucker,Goodnight Gracie Jazz & Martini Bar,
Catherine,Torres,Goodnight Gracie Jazz & Martini Bar,
Lucille,Medina,Goodnight Gracie Jazz & Martini Bar,
Cyrus,Robbins,Half Step,
Andre,Shea,Hedley Club,
Calvin,Beard,Hedley Club,
Adeline,Avery,Hedley Club,
Mila,Good,Hedley Club,
Kylee,Ortega,Hedley Club,
Madeleine,Alvarez,Holeman & Finch Public House,
Ronald,Hogan,Holeman & Finch Public House,
Zion,Dennis,Holeman & Finch Public House,
Zion,Dennis,Holeman & Finch Public House,
Jaxton,Hall,Holeman & Finch Public House,
Frank,Mccarty,Holeman & Finch Public House,
Bryson,Foley,Holeman & Finch Public House,
Gideon,Bell,Holeman & Finch Public House,
Zion,Dennis,Holeman & Finch Public House,
Gunnar,Mcguire,Il Fornaio,
Ember,Cuevas,Il Fornaio,
Dallas,Lawson,Il Fornaio,
Ember,Cuevas,Il Fornaio,
Lilliana,Villegas,Il Fornaio,
Rahul,Boppana,Il Fornaio,
Mckinley,Ferguson,Il Fornaio,
Dallas,Lawson,Il Fornaio,
Alicia,Warner,Il Fornaio,
Lucille,Buchanan,Il Fornaio,
Daniel,Adelman,Il Fornaio,
Arlo,Stanley,Il Fornaio,
Olivia,Park,Il Fornaio,
Catherine,Torres,Il Fornaio,
Catherine,Torres,Il Fornaio,
Forrest,Smith,Il Fornaio,
Kayden,Dean,Julep,
Kayden,Dean,Julep,
Lilliana,Parsons,Julep,
Zion,Tate,Julep,
Francis,Swanson,Julep,
Juliette,Medina,Julep,
Saul,Barker,Julep,
Georgia,Cisneros,Julep,
Amari,Yates,Julep,
Avery,Butler,Julep,
Preston,Huerta,Kask,
Willow,Neal,Kask,
Porter,Espinoza,Kask,
Preston,Huerta,Kask,
Eric,Guerra,Kask,
Margaret,Suarez,Kask,
Cooper,Mcbride,Kask,
Helen,Chaney,Kask,
Hayden,Case,Kask,
Kyler,Yang,Kask,
Morgan,Booth,Kask,
Hayden,Case,Kask,
Eric,Guerra,Kask,
Kyler,Yang,Kask,
Margaret,Suarez,Kask,
Kyler,Yang,Kask,
Margaret,Suarez,Kask,
Caleb,Michael,King Cole Bar,
Tate,Myers,King Cole Bar,
Emerson,Hobbs,King Cole Bar,
Delaney,Blanchard,King Cole Bar,
Milo,Medina,King Cole Bar,
Kevin,Harmon,King Cole Bar,
Remy,Boyle,King Cole Bar,
Alexis,Goodman,Kon Tiki Restaurant Lounge,
Dean,Davis,Kon Tiki Restaurant Lounge,
Eduardo,Ibarra,Kon Tiki Restaurant Lounge,
Miguel,Avery,Kon Tiki Restaurant Lounge,
Maia,Mata,Leyenda,
Lilith,Harding,Leyenda,
Moses,Johnson,Leyenda,
Enrique,Rivers,Leyenda,
Renata,Stephens,Leyenda,
Kendall,Bentley,Leyenda,
Renata,Stephens,Leyenda,
Maia,Mata,Leyenda,
Ace,Mccarthy,Lost Lake,
Kamila,Proctor,Lost Lake,
Amara,Baker,Lost Lake,
Mariana,Shaffer,Lost Lake,
Ace,Mccarthy,Lost Lake,
Jazlyn,Reilly,Mace ,
Dean,Davis,Mace ,
Ashley,Matthews,Mace ,
Haven,Hooper,Mace ,
Dean,Davis,Mace ,
Jazlyn,Reilly,Mace ,
Miguel,Avery,Mace ,
Elliott,Yates,Mace ,
Alexis,Goodman,Mace ,
Jay,Horne,Mai Tai Bar,
Remington,Mcbride,Mai Tai Bar,
Ainsley,Merritt,Mai Tai Bar,
Evelyn,Bonilla,Mai Tai Bar,
Matias,Rubio,Mai Tai Bar,
Elizabeth,Sparks,Mai Tai Bar,
Corbin,Mason,Mai Tai Bar,
Lyla,Ayala,Mai Tai Bar,
William,Henson,Mai Tai Bar,
Johnny,Ferguson,Mai Tai Bar,
Evelyn,Bonilla,Mai Tai Bar,
Isla,Cantrell,Mai Tai Bar,
Dean,Oconnell,Mai Tai Bar,
Dean,Oconnell,Mai Tai Bar,
Luka,Hooper,Mai Tai Bar,
William,Henson,Mai Tai Bar,
Alexis,Peters,Mai Tai Bar,
Corbin,Mason,Mai Tai Bar,
Harmony,Love,Mai Tai Bar,
Ainsley,Merritt,Mai Tai Bar,
Jamison,Buck,Mai Tai Bar,
Charleigh,Gonzalez,Mai Tai Bar,
Adelaide,Dalton,Mai Tai Bar,
Waylon,Stephenson,Marvel Bar,
Sloane,Kane,Marvel Bar,
Keegan,Murray,Marvel Bar,
Kameron,Andersen,Marvel Bar,
Bowen,Brown,Marvel Bar,
Delaney,Orr,Marvel Bar,
Fernando,Kaufman,Marvel Bar,
Micah,Yang,Marvel Bar,
Jaiden,Baird,Marvel Bar,
Gia,Golden,Marvel Bar,
Calvin,Ferguson,Marvel Bar,
Kaleb,Wallace,Marvel Bar,
Micah,Yang,Marvel Bar,
Noelle,Glenn,Marvel Bar,
Keegan,Murray,Marvel Bar,
Bianca,Figueroa,Marvel Bar,
Maximiliano,Mcintosh,McMahon's Public House,
Isla,Villegas,McMahon's Public House,
Waylon,Stephenson,McMahon's Public House,
Ashlyn,Jackson,McMahon's Public House,
Ashlyn,Jackson,McMahon's Public House,
Bianca,Figueroa,McMahon's Public House,
Lorelei,Stark,McMahon's Public House,
Sloane,Kane,McMahon's Public House,
Prince,Zhang,McMahon's Public House,
Lorelei,Stark,McMahon's Public House,
Isla,Villegas,McMahon's Public House,
Micah,Yang,McMahon's Public House,
Mckenzie,Huerta,McMahon's Public House,
Kaleb,Wallace,McMahon's Public House,
Noelle,Glenn,McMahon's Public House,
Nicholas,Mueller,McMahon's Public House,
Micah,Yang,McMahon's Public House,
Prince,Zhang,McMahon's Public House,
Khalil,Stout,Milk Room,
Cassidy,Patterson,Milk Room,
Margot,Trevino,Milk Room,
Clayton,Bonilla,Milk Room,
Zion,Tate,Milk Room,
Mariana,Shaffer,Million Dollar Cowboy Bar,
Kamila,Proctor,Million Dollar Cowboy Bar,
Luciana,Gordon,Million Dollar Cowboy Bar,
Shelby,Villarreal,Million Dollar Cowboy Bar,
Kylee,Ortega,Molly's Shebeen,
Ophelia,Hopkins,Molly's Shebeen,
Amara,Baker,Molly's Shebeen,
Tyson,Preston,Molly's Shebeen,
Joseph,Roman,Molly's Shebeen,
Andre,Shea,Molly's Shebeen,
Kylee,Ortega,Molly's Shebeen,
Donovan,Harrington,Multnomah Whiskey Library,
Paris,Hahn,Multnomah Whiskey Library,
Ryder,Lambert,Multnomah Whiskey Library,
Jazlyn,Reilly,No Vacancy at the Juniper Hotel,
Hector,Lucas,No Vacancy at the Juniper Hotel,
Ashley,Matthews,No Vacancy at the Juniper Hotel,
Israel,Ortega,No Vacancy at the Juniper Hotel,
Nehemiah,Frank,No Vacancy at the Juniper Hotel,
Dean,Davis,No Vacancy at the Juniper Hotel,
Manuel,Gutierrez,No Vacancy at the Juniper Hotel,
Jonathan,Bradford,Occidental,
Samara,Avila,Occidental,
Paislee,Gill,Occidental,
Juliet,Rowland,Occidental,
Skyler,Russo,Occidental,
Nia,Kidd,Occidental,
Samara,Avila,Occidental,
Devin,Mckenzie,Occidental,
Nia,Brennan,Occidental,
Devin,Mckenzie,Occidental,
Isaiah,Gould,Occidental,
Braelyn,Parks,Occidental,
Holden,Sharp,Occidental,
Josephine,Kemp,Occidental,
Jasper,Vaughn,Old Ebbitt Grill,
Damian,Donaldson,Old Ebbitt Grill,
Jeremy,Spence,Old Ebbitt Grill,
Meredith,Rogers,Old Ebbitt Grill,
Jolene,Sanders,PX,
Jayla,Huerta,PX,
Hayden,Mora,PX,
Oliver,Kemp,PX,
Isla,Waller,PX,
Nylah,Cook,Polite Provisions,
Madilyn,Andrews,Polite Provisions,
Related Post,Harrison,Polite Provisions,
Jude,Ward,Polite Provisions,
Beau,Murphy,Polite Provisions,
Willow,Mitchell,Polite Provisions,
Adonis,Castillo,Polite Provisions,
Ruby,Acosta,Polite Provisions,
Jude,Ward,Polite Provisions,
Chandler,Hebert,Polite Provisions,
Dean,Harrington,Prairie School,
Leonardo,Mckenzie,Prairie School,
Jason,Pennington,Prairie School,
Amari,Khan,Prairie School,
Joshua,Leonard,Prairie School,
Adan,Petersen,Prairie School,
Ember,Huber,Prairie School,
Amari,Khan,Prairie School,
Camden,Schmitt,Prairie School,
Rahul,Vang,Prairie School,
Jackson,Sherman,Prairie School,
Aylin,Dickson,Prairie School,
Erick,Ward,Prairie School,
Katelyn,Kemp,Prizefighter,
Evelyn,Lucas,Prizefighter,
Sienna,Avery,Prizefighter,
Sawyer,Reilly,Prizefighter,
Eric,Coleman,Prizefighter,
Nathaniel,Flynn,Prizefighter,
Clayton,Ponce,Prizefighter,
Noel,Gilmore,Prizefighter,
Miguel,Hickman,Prizefighter,
Brielle,Hoover,Prizefighter,
Myles,Larsen,Prizefighter,
June,Wells,Prizefighter,
Gabriela,Calhoun,Prizefighter,
Jonah,Barrera,Proof,
Skylar,Wiley,Proof,
Jaylen,Pollard,Proof,
Josue,Cherry,Proof,
Nixon,Lowery,Proof,
Max,Wilkins,Proof,
Jamison,Rhodes,Proof,
Camryn,Ponce,Proof,
Skylar,Wiley,Proof,
Josue,Cherry,Proof,
Presley,Kramer,ROKC,
Carmen,Daniel,ROKC,
Paris,Hahn,ROKC,
Presley,Kramer,ROKC,
Lena,Jackson,ROKC,
Silas,Dunn,ROKC,
Bowen,Rodriguez,ROKC,
Avianna,Bautista,ROKC,
Abram,Cameron,ROKC,
Angelina,Delgado,ROKC,
Gunnar,Abbott,ROKC,
Kate,Alvarez,ROKC,
Esteban,Mccormick,Range,
Ricardo,Bonilla,Range,
Abby,Holt,Range,
Jimena,Duncan,Raven & Rose,
Alani,Meza,Raven & Rose,
Shawn,Jennings,Raven & Rose,
Allie,Bray,Raven & Rose,
Millie,Stevenson,Raven & Rose,
Leonel,Lane,Raven & Rose,
Gunnar,Leonard,Raven & Rose,
Gunnar,Leonard,Raven & Rose,
Rosemary,Calhoun,Raven & Rose,
Delilah,Christian,Raven & Rose,
Gunnar,Leonard,Raven & Rose,
Jimena,Duncan,Raven & Rose,
Luciana,Mccullough,Raven & Rose,
Alani,Meza,Raven & Rose,
Andy,Ashley,Raven & Rose,
Shawn,Jennings,Raven & Rose,
Christopher,Payne,Raven & Rose,
Allie,Bray,Raven & Rose,
Cristian,Miranda,Raven & Rose,
Melissa,Fitzpatrick,Red Key Tavern,
Moses,Brady,Red Key Tavern,
Cora,Bauer,Red Key Tavern,
Marco,Franco,Red Key Tavern,
Blake,Bryant,Red Key Tavern,
Blake,Bryant,Red Key Tavern,
Robert,Walters,Red Key Tavern,
Charleigh,Bryan,Red Key Tavern,
Ezekiel,Baker,Red Key Tavern,
Tate,Mcguire,Red Key Tavern,
Graham,Meyers,Red Key Tavern,
Thea,Manning,Red Key Tavern,
Jayleen,Chung,Room 11,
Jayleen,Chung,Room 11,
Serenity,Gardner,Room 11,
Alexis,Scott,Room 11,
Serenity,Gardner,Room 11,
Gael,Glass,Salty Dawg Saloon,
Delilah,Duke,Salty Dawg Saloon,
Nathaniel,James,Sassafras Saloon,
Amiyah,Giles,Sassafras Saloon,
Lena,Jackson,Sassafras Saloon,
Carmen,Daniel,Sassafras Saloon,
Kason,Burke,Sassafras Saloon,
Cora,Bauer,Sazerac Bar,
Johnathan,Anthony,Sazerac Bar,
Kelsey,Wiley,Sazerac Bar,
Tate,Mcguire,Sazerac Bar,
Malik,Bonilla,Sazerac Bar,
Avianna,Rosario,Sazerac Bar,
Brynn,Mack,Sazerac Bar,
Kylee,Bradshaw,Seamstress,
Edgar,Carroll,Seamstress,
Jaylen,Mcintyre,Seamstress,
Beckham,Zimmerman,Seamstress,
Kian,Mcpherson,Seamstress,
Damon,Jefferson,Seamstress,
Sydney,Rubio,Seamstress,
Kylee,Bradshaw,Seamstress,
Gabriel,Boppana,Seven Bamboo,
Marcus,Olsen,Seven Bamboo,
Kylee,Mack,Seven Bamboo,
Sofia,Proctor,Seven Bamboo,
Rose,Fischer,Seven Bamboo,
Robert,Key,Seven Bamboo,
Abram,Holt,Seven Bamboo,
David,Cross,Seven Bamboo,
Liana,Chang,Seven Bamboo,
Molly,Orozco,Seven Bamboo,
Giovanni,Bauer,Seven Bamboo,
Julia,Patrick,Seven Bamboo,
Giovanni,Bauer,Seven Bamboo,
Corbin,Ashley,Seven Bamboo,
Gabriel,Boppana,Seven Bamboo,
Otto,Mercado,Seven Bamboo,
Jayleen,Chung,Slowly Shirley,
Maxwell,Faulkner,Slowly Shirley,
Zane,Figueroa,Slowly Shirley,
Adelynn,Holt,Slowly Shirley,
Myla,Blackwell,Slowly Shirley,
Jayleen,Chung,Slowly Shirley,
Atticus,Golden,Slowly Shirley,
Delaney,Blanchard,Slowly Shirley,
Oakley,Baird,Slowly Shirley,
Shelby,Haney,Slowly Shirley,
Parker,Avery,Social,
Nash,Moore,Social,
Elsie,Black,Social,
Parker,Avery,Social,
Parker,Avery,Social,
Oscar,Kerr,Social,
Nash,Moore,Social,
Asher,Cervantes,Social,
Francis,Swanson,Spilt Milk,
Brandon,Avila,Spilt Milk,
Omar,Barrett,Spilt Milk,
Maya,Jensen,Spilt Milk,
Omar,Barrett,Spilt Milk,
Khalil,Stout,Spilt Milk,
Walker,Wells,Spilt Milk,
Arya,Waters,Spilt Milk,
Mario,Hall,Spilt Milk,
Evie,Gilbert,Spilt Milk,
Gabriela,Browning,Spirit,
Kyrie,Bass,Spirit,
Kiara,Benson,Spirit,
Vincent,Ray,Spirit,
Maximus,Taylor,Spirit,
Heidi,Gonzalez,Spirit,
Brooklyn,Blackburn,Spirit,
Daphne,Mann,Spirit,
Legend,Hoover,Spirit,
Julius,Tanner,Spirit,
Omar,Evans,Spirit,
Brooklyn,Blackburn,Spirit,
Beckham,Meadows,Spirit,
Thomas,Schroeder,Spirit,
Omar,Evans,Spirit,
Simon,Fisher,Spirit,
Hunter,Chan,Spirit,
Weston,Hill,Spirit,
Joshua,Sparks,Square Grouper Tiki Bar,
Zachary,Mayo,Square Grouper Tiki Bar,
Jake,Ortega,Square Grouper Tiki Bar,
Zane,Wood,Square Grouper Tiki Bar,
Jude,Cardenas,Square Grouper Tiki Bar,
Joshua,Sparks,Square Grouper Tiki Bar,
Jude,Cardenas,Square Grouper Tiki Bar,
Joshua,Sparks,Square Grouper Tiki Bar,
Jimena,Espinoza,Square Grouper Tiki Bar,
Kyrie,Reese,Square Grouper Tiki Bar,
Jude,Cardenas,Square Grouper Tiki Bar,
Nevaeh,Barrett,Square Grouper Tiki Bar,
Emmalyn,Werner,Sweet Liberty,
Harley,Rangel,Sweet Liberty,
Brooklynn,Pratt,Sweet Liberty,
Cadence,Hebert,Sweet Liberty,
Mackenzie,Crane,Sweet Liberty,
Brooklynn,Pratt,Sweet Liberty,
Kyson,Rosario,Sweet Liberty,
Kira,Santiago,Sweet Liberty,
Emmalyn,Werner,Sweet Liberty,
Gabriel,Murillo,Taste by Niche,
Emanuel,Salazar,Taste by Niche,
Jose,Pacheco,Taste by Niche,
Kinsley,Roy,Taste by Niche,
Davis,Tucker,The Alembic,
Abby,Holt,The Alembic,
Weston,Gross,The Alembic,
Emersyn,Hensley,The Alembic,
Jeremy,Spence,The Alembic,
Jasper,Vaughn,The Alembic,
Matthias,Vaughn,The Alembic,
Remi,Perkins,The B-Hive,
Tristan,Noble,The B-Hive,
Donovan,Lee,The B-Hive,
Austin,Reynolds,The B-Hive,
Tanner,Hale,The B-Hive,
Warren,Quinn,The B-Hive,
Oakley,Baird,The Backbeat,
David,Patterson,The Backbeat,
Zion,Harper,The Backbeat,
Dawson,Vazquez,The Backbeat,
Elle,Ayers,The Backbeat,
Myla,Blackwell,The Backbeat,
Ariana,Berger,The Backbeat,
Alexis,Scott,The Backbeat,
Dawson,Vazquez,The Backbeat,
Caleb,Michael,The Backbeat,
David,Patterson,The Backbeat,
Maxwell,Faulkner,The Backbeat,
Milo,Medina,The Backbeat,
Elle,Ayers,The Backbeat,
Magnolia,Burke,The Baldwin and Sons Trading Co.,
Noelle,Riley,The Baldwin and Sons Trading Co.,
Kimberly,Burns,The Baldwin and Sons Trading Co.,
Augustus,Cuevas,The Baldwin and Sons Trading Co.,
Luka,Larson,The Baldwin and Sons Trading Co.,
Harper,Suarez,The Baldwin and Sons Trading Co.,
Harper,Suarez,The Baldwin and Sons Trading Co.,
Harley,Rangel,The Baldwin and Sons Trading Co.,
Summer,Graham,The Bar Room at the Beekman Hotel,
Otto,Johnson,The Bar Room at the Beekman Hotel,
Lilliana,Abbott,The Bar Room at the Beekman Hotel,
Lorelei,Blake,The Bar Room at the Beekman Hotel,
Nash,Moore,The Bar Room at the Beekman Hotel,
Nash,Moore,The Bar Room at the Beekman Hotel,
Lorelei,Blake,The Bar Room at the Beekman Hotel,
Oscar,Kerr,The Bar Room at the Beekman Hotel,
Nicole,Juarez,The Bar Room at the Beekman Hotel,
Nash,Moore,The Bar Room at the Beekman Hotel,
Brynn,Mack,The Bella Union,
Johnathan,Anthony,The Bella Union,
Cora,Bauer,The Bella Union,
Cora,Bauer,The Bella Union,
Leland,Mcbride,The Bella Union,
Leland,Mcbride,The Bella Union,
Noel,Branch,The Bella Union,
Troy,Clay,The Bella Union,
Bryan,Hess,The Bella Union,
Lucas,Bennett,The Bella Union,
Arthur,Brennan,The Bella Union,
Katelyn,Lucero,The Bella Union,
Bryan,Hess,The Bella Union,
Remy,Dougherty,The Blank Club,
Finley,Clayton,The Blank Club,
Edith,Frye,The Blank Club,
Charlee,Tapia,The Blank Club,
Erick,Larson,The Blank Club,
Lena,Walters,The Blank Club,
Charlie,Mcfarland,The Blank Club,
Evelyn,Prince,The Blank Club,
Lena,Walters,The Blank Club,
Conor,Dyer,The Blank Club,
Kyler,Gilmore,The Blank Club,
Erick,Ward,The Capital Bar & Grill,
Ivy,Haney,The Capital Bar & Grill,
Jackson,Sherman,The Capital Bar & Grill,
Mckenna,Tran,The Capital Bar & Grill,
Phoenix,Holden,The Capital Bar & Grill,
Aylin,Dickson,The Capital Bar & Grill,
Rahul,Vang,The Capital Bar & Grill,
Gianna,Butler,The Capital Bar & Grill,
Briana,Shaw,The Capital Bar & Grill,
Hayden,Sharp,The Capital Bar & Grill,
Leonardo,Mckenzie,The Capital Bar & Grill,
Mckenna,Tran,The Capital Bar & Grill,
Gianna,Butler,The Capital Bar & Grill,
Ivy,Haney,The Capital Bar & Grill,
Tate,Petersen,The Carousel Bar & Lounge,
Melanie,Burns,The Carousel Bar & Lounge,
Vincent,Whitaker,The Carousel Bar & Lounge,
Garrett,Bass,The Carousel Bar & Lounge,
Adriel,Chaney,The Carousel Bar & Lounge,
Eduardo,Ibarra,The Carousel Bar & Lounge,
Garrett,Bass,The Carousel Bar & Lounge,
Maria,Herman,The Carousel Bar & Lounge,
Andres,Michael,The Dead Rabbit,
Sydney,Rubio,The Dead Rabbit,
Dexter,Riley,The Dead Rabbit,
Liliana,Murphy,The Dead Rabbit,
Andres,Michael,The Dead Rabbit,
Johnathan,Wright,The Dead Rabbit,
Hunter,Parks,The Dead Rabbit,
Gideon,Barron,The Dubliner,
Jayla,Huerta,The Dubliner,
John,Espinoza,The Griswold Inn Tap Room,
Nash,Moore,The Griswold Inn Tap Room,
Brynlee,Manning,The Griswold Inn Tap Room,
Lorelei,Blake,The Griswold Inn Tap Room,
Lorelei,Blake,The Griswold Inn Tap Room,
Elsie,Black,The Griswold Inn Tap Room,
Finnegan,Valenzuela,The Hawthorne,
Hunter,Chan,The Hawthorne,
Nayeli,Guerra,The Hawthorne,
Brooklyn,Blackburn,The Hawthorne,
Daphne,Mann,The Hawthorne,
Maximus,Taylor,The Hawthorne,
Hunter,Chan,The Hawthorne,
Weston,Hill,The Hawthorne,
Omar,Evans,The Hawthorne,
Lennox,Romero,The Hawthorne,
Sierra,Rodgers,The Hawthorne,
Nayeli,Guerra,The Hawthorne,
Kyrie,Bass,The Hawthorne,
Hugo,Shea,The Hawthorne,
Leilani,Sweeney,The Hawthorne,
Sierra,Rodgers,The Hawthorne,
Eloise,Harrington,The Kill Devil Club,
Jay,Horne,The Kill Devil Club,
William,Henson,The Kill Devil Club,
Allison,Joyce,The Kill Devil Club,
Luka,Hooper,The Kill Devil Club,
Jamison,Buck,The Kill Devil Club,
Jordan,Booth,The Kill Devil Club,
Alani,Costa,The Kill Devil Club,
Alexis,Peters,The Kill Devil Club,
Rhett,Patrick,The Kill Devil Club,
Dean,Oconnell,The Kill Devil Club,
Weston,Li,The Kill Devil Club,
Lyla,Ayala,The Kill Devil Club,
Harmony,Love,The Kill Devil Club,
Ryan,Snyder,The Kill Devil Club,
Elizabeth,Sparks,The Kill Devil Club,
Ainsley,Merritt,The Kill Devil Club,
Johnny,Ferguson,The Kill Devil Club,
Remington,Mcbride,The Kill Devil Club,
Harmony,Love,The Kill Devil Club,
Amina,Fletcher,The Kill Devil Club,
Brody,Walters,The Kill Devil Club,
Harmony,Love,The Kill Devil Club,
Ryan,Snyder,The Kill Devil Club,
Jamison,Buck,The Kill Devil Club,
Hadley,Crawford,The Kill Devil Club,
Josephine,Kemp,The Magdalenae Room,
Skyler,Russo,The Magdalenae Room,
Logan,Mccann,The Magdalenae Room,
Lilith,Odom,The Magdalenae Room,
Skyler,Russo,The Magdalenae Room,
Alivia,Walls,The Magdalenae Room,
Presley,Lyons,The Magdalenae Room,
Nia,Brennan,The Magdalenae Room,
Braelyn,Parks,The Magdalenae Room,
Corbin,Harding,The Office,
Everly,Burke,The Office,
Kylee,Bradshaw,The Office,
Katie,Coleman,The Office,
Nora,Bishop,The Office,
Jaylen,Mcintyre,The Office,
Jaylen,Mcintyre,The Office,
Raven,Monroe,The Office,
Luka,Harmon,The Office,
Cristian,Miranda,The Old Seelbach Bar,
Delilah,Christian,The Old Seelbach Bar,
Shawn,Jennings,The Old Seelbach Bar,
Abram,Burch,The Old Seelbach Bar,
Gunnar,Leonard,The Old Seelbach Bar,
Kaiden,Zavala,The Old Seelbach Bar,
Arielle,Buchanan,The Old Seelbach Bar,
Allie,Bray,The Old Seelbach Bar,
Cyrus,Quinn,The Old Seelbach Bar,
Heaven,Cook,The Old Seelbach Bar,
Israel,Meza,The Old Seelbach Bar,
Arielle,Buchanan,The Old Seelbach Bar,
Andy,Ashley,The Old Seelbach Bar,
Millie,Stevenson,The Old Seelbach Bar,
Xander,Stephenson,The Old Seelbach Bar,
Millie,Stevenson,The Old Seelbach Bar,
Leonel,Lane,The Old Seelbach Bar,
Shawn,Jennings,The Old Seelbach Bar,
Ezequiel,Lyons,The Polo Lounge,
Ezequiel,Lyons,The Polo Lounge,
Alex,Bond,The Polo Lounge,
Esmeralda,Ward,The Polo Lounge,
Dalton,Barrera,The Polo Lounge,
Kash,Guzman,The Polo Lounge,
Everly,Stark,The Polo Lounge,
Jenna,Watson,The Polo Lounge,
Jace,Wade,The Polo Lounge,
Kash,Guzman,The Polo Lounge,
Maryam,Mccoy,The Polo Lounge,
Ezequiel,Lyons,The Polo Lounge,
Kennedi,Pham,The Polo Lounge,
Kash,Guzman,The Polo Lounge,
Zayn,Flynn,The Polo Lounge,
Zayn,Flynn,The Polo Lounge,
Reid,Lester,The Polo Lounge,
Heidi,Parks,The Polo Lounge,
Kash,Guzman,The Polo Lounge,
Lucas,Gay,The Polo Lounge,
Olivia,Peters,The Polo Lounge,
Holly,Humphrey,The Silver Dollar,
Kason,Burke,The Silver Dollar,
Kason,Burke,The Silver Dollar,
Haven,Decker,The Silver Dollar,
Brantley,Benitez,The Silver Dollar,
Roberto,Wallace,The Silver Dollar,
Franklin,Key,The Silver Dollar,
Carmen,Daniel,The Silver Dollar,
Nathaniel,James,The Silver Dollar,
Garrett,Andersen,The Sound Table,
Jamison,Rhodes,The Sound Table,
Josiah,Branch,The Sound Table,
Titus,Calhoun,The Sound Table,
Nyla,Gillespie,The Sound Table,
Emersyn,Rich,The Sound Table,
Max,Wilkins,The Sound Table,
Nixon,Lowery,The Sound Table,
Ellie,Benitez,The Sound Table,
Garrett,Andersen,The Sound Table,
Max,Wilkins,The Sound Table,
Jamison,Rhodes,The Sound Table,
Diana,Mcmahon,The Sound Table,
Ariana,Grimes,The Upstairs Bar at City Grocery,
Caiden,Leon,The Upstairs Bar at City Grocery,
Ryan,Hopkins,The Upstairs Bar at City Grocery,
Albert,Sherman,The Upstairs Bar at City Grocery,
Ariana,Grimes,The Upstairs Bar at City Grocery,
Hugo,Gay,The Upstairs Bar at City Grocery,
Albert,Sherman,The Upstairs Bar at City Grocery,
Caiden,Leon,The Upstairs Bar at City Grocery,
Axel,Mosley,The Upstairs Bar at City Grocery,
Axel,Mosley,The Upstairs Bar at City Grocery,
Aniyah,Kelly,The Upstairs Bar at City Grocery,
Magnolia,Jefferson,The Upstairs Bar at City Grocery,
Kyla,Collier,The Upstairs Bar at City Grocery,
Ella,Hays,The Upstairs Bar at City Grocery,
Enrique,Lin,The Upstairs Bar at City Grocery,
Scarlett,Luna,The Upstairs Bar at City Grocery,
Axel,Mosley,The Upstairs Bar at City Grocery,
Cameron,Huff,The Upstairs Bar at City Grocery,
Caiden,Leon,The Upstairs Bar at City Grocery,
Ellis,Shaw,The Upstairs Bar at City Grocery,
Cameron,Huff,The Upstairs Bar at City Grocery,
Remington,Wall,The Upstairs Bar at City Grocery,
Amy,Vincent,The Upstairs Bar at City Grocery,
Magnolia,Jefferson,The Upstairs Bar at City Grocery,
Magnolia,Jefferson,The Upstairs Bar at City Grocery,
Brooke,Huff,The Upstairs Bar at City Grocery,
Isabel,Flores,The Upstairs Bar at City Grocery,
Jett,Mclean,The Upstairs Bar at City Grocery,
Isabel,Flores,The Upstairs Bar at City Grocery,
Luka,Harmon,The Velvet Tango Room,
June,Rasmussen,The Velvet Tango Room,
Gracelynn,Hahn,The Velvet Tango Room,
Kane,Jimenez,The Velvet Tango Room,
Leonidas,Richardson,The Velvet Tango Room,
Laura,George,The Velvet Tango Room,
Thiago,Herman,The Velvet Tango Room,
Damon,Jefferson,The Velvet Tango Room,
June,Rasmussen,The Velvet Tango Room,
Kamila,Proctor,The Violet Hour,
Ophelia,Hopkins,The Violet Hour,
Ace,Mccarthy,The Violet Hour,
Natalie,Maxwell,The Wayland,
Jayson,Mora,The Wayland,
Mikayla,Valenzuela,The Wayland,
Gideon,Bell,The Wayland,
Abraham,Cain,The Wayland,
Julian,Trevino,The Wayland,
Natalie,Maxwell,The Wayland,
Frank,Hancock,The Wayland,
Julian,Trevino,The Wayland,
Skye,Mcclain,The Wayland,
Mohamed,Beltran,The Wayland,
Mohamed,Beltran,The Wayland,
Jesus,Sandoval,The Wayland,
Riley,Howe,The Wayland,
Ronald,Hogan,The Wayland,
Skye,Mcclain,The Wayland,
Riley,Howe,The Wayland,
Caden,Boyer,The Wayland,
Angelo,Landry,The Wayland,
Anthony,Sanders,The Whining Pig,
Jolene,Hunter,The Whining Pig,
Erick,Ward,The Whining Pig,
James,Morrow,The Whining Pig,
Hayden,Sharp,The Whining Pig,
Leonardo,Mckenzie,The Whining Pig,
Peyton,Jennings,The Whining Pig,
Amari,Khan,The Whining Pig,
Ember,Huber,The Whining Pig,
Hayden,Sharp,The Whining Pig,
Jackson,Sherman,The Whining Pig,
Anthony,Sanders,The Whining Pig,
Brandon,Buck,The Whining Pig,
Ariana,Blanchard,Tiki-Ti ,
Jesus,Orozco,Tiki-Ti ,
Angelo,Landry,Tiki-Ti ,
Ryder,Nguyen,Tiki-Ti ,
Calvin,Aguirre,Tiki-Ti ,
Jesus,Sandoval,Tiki-Ti ,
Lena,Hood,Tiki-Ti ,
Oscar,Rodriguez,Tiki-Ti ,
Caden,Boyer,Tiki-Ti ,
Jayson,Mora,Tiki-Ti ,
Zayden,Santana,Vesper Bar,
Abram,Holt,Voodoo,
Robert,Key,Voodoo,
Julia,Patrick,Voodoo,
Avery,Blevins,Voodoo,
Julia,Patrick,Voodoo,
Haley,Dawson,Voodoo,
Rose,Fischer,Voodoo,
David,Cross,Voodoo,
Kendrick,Gaines,Voodoo,
Tatum,Summers,Voodoo,
Marcus,Olsen,Voodoo,
Cataleya,Knox,Voodoo,
Benson,Frye,Voodoo,
Conner,Cantu,Voodoo,
Benson,Frye,Voodoo,
Benson,Frye,Voodoo,
Avery,Blevins,Voodoo,
Donald,Barker,Voodoo,
Kendrick,Gaines,Voodoo,
Kali,White,Voodoo,
Landen,Harrington,Weather Up,
Isla,Waller,Weather Up,
Gracelynn,Villarreal,Weather Up,
Nova,Schaefer,Weather Up,
Hayden,Mora,Weather Up,
